protein_id,accession_hit
Mulenga_Aam-218597,P0CF77
JAA69751.1,P0CF77
MXU83021.1,P0CF77
JAA65352.1,P0CF77
KAH7936683.1,P0CV91
MAA21641.1,P0CV91
JAP82666.1,P0CV91
MAA21640.1,P0CV91
Bungarus_multicinctus_GIKH01.transdecoder.pep_id_GIKH01065826.1.p1,P0C8M2
Trove_AA_58888,C0HLA4
KAH7982103.1,C0HLA4
Bothrops_jararaca_GFJM01.transdecoder.pep_id_GFJM01042806.1.p1,B3EWP2
KAH6946051.1,P86468
KAH7941377.1,P86468
KAH6926007.1,P86468
KAH7960134.1,P86468
KAH7956471.1,P0DKM9
Micrurus_tener_GDBH01_id_lcl|GDBH01000001.1_prot_JAS05232.1_1,P0CAR2
Micrurus_tener_GDBH01_id_lcl|GDBH01000003.1_prot_JAS05230.1_1,P0CAR2
Micrurus_fulvius_GAEP01_id_lcl|GAEP01001969.1_prot_JAB52852.1_1,P0CAR2
Micrurus_fulvius_GAEP01_id_lcl|GAEP01001970.1_prot_JAB52851.1_1,P0CAR2
Micrurus_tener_GDBH01_id_lcl|GDBH01000002.1_prot_JAS05231.1_1,P0CAR2
Pteromalus_puparum_GECT01.transdecoder.pep_id_GECT01024803.1.p1,P0DV04
KAH6929445.1,P0DV04
Glycera_tridactyla_GART01.transdecoder.pep_id_GART01002143.1.p1,P0DV04
Dispholidus_typus_GHOQ01.transdecoder.pep_id_GHOQ01000363.1.p1,P0DV04
Bothrops_jararaca_GFJM01.transdecoder.pep_id_GFJM01019814.1.p1,P0DV04
Bungarus_multicinctus_GIKH01.transdecoder.pep_id_GIKH01056051.1.p1,P0DV04
Bungarus_multicinctus_GIKH01.transdecoder.pep_id_GIKH01072144.1.p1,P0DV04
Bungarus_multicinctus_GIKH01.transdecoder.pep_id_GIKH01018067.1.p1,P0DV04
Boiga_irregularis_GBSH01_id_lcl|GBSH01000280.1_prot_JAG68744.1_1,P0DV04
Agkistrodon_contortrix_contortrix_GDAY02_id_lcl|GDAY02000140.1_prot_JAV51273.1_1,P0DV04
Crotalus_horridus_GBKD01_id_lcl|GBKD01000125.1_prot_JAG47493.1_1,P0DV04
Crotalus_horridus_GBKC01_id_lcl|GBKC01000209.1_prot_JAG45861.1_1,P0DV04
Crotalus_horridus_GAAZ01_id_lcl|GAAZ01000150.1_prot_JAA97793.1_1,P0DV04
Bungarus_multicinctus_GIKH01.transdecoder.pep_id_GIKH01053914.1.p1,P0DV04
Bungarus_multicinctus_GIKH01.transdecoder.pep_id_GIKH01021613.1.p1,P0DV04
Naja_nubiae_GIJI01.transdecoder.pep_id_GIJI01000443.1.p1,P0DV04
Dendroaspis_polylepis_GHPD01.transdecoder.pep_id_GHPD01000934.1.p1,P0DV04
Naja_kaouthia_GHRW01.transdecoder.pep_id_GHRW01000565.1.p1,P0DV04
MXU99998.1,P0DV04
MXV00568.1,P0DV04
JAA67204.1,P0DV04
MDC7209010.1,P0DV04
JAR90448.1,P0DV04
Bungarus_multicinctus_GIKH01.transdecoder.pep_id_GIKH01030193.1.p1,P0DV04
Trove_AA_191756,P0DV04
JAC27288.1,P0DV04
MDC7210379.1,Q4PMX3
MDC7210375.1,Q4PMX3
JAA73410.1,Q4PMX3
MXU93678.1,Q4PMX3
MOY44623.1,P0DQT8
JAP87934.1,P0DQT8
EEC08933.1,P0DQT8
JAC22990.1,P0DQT8
NOV52194.1,P0DQT8
JAP80811.1,P0DQT8
MAA12009.1,P0DQT8
MAA12011.1,P0DQT8
JAP80812.1,P0DQT8
Latrodectus_tredecimguttatus_GANL01.transdecoder.pep_id_GANL01007463.1.p1,P0DM56
Latrodectus_tredecimguttatus_GANL01.transdecoder.pep_id_GANL01004347.1.p1,P0DM56
Phoneutria_nigriventer_GFUY01.transdecoder.pep_id_GFUY01016574.1.p1,P0DM56
MAA16422.1,P0DM56
JAP78161.1,P0DM56
KAH8009570.1,P0DM56
Latrodectus_tredecimguttatus_GANL01.transdecoder.pep_id_GANL01006690.1.p1,P0DM56
GBXQ01007370.1.p1,P0DM56
MBY06832.1,P0DM56
Trove_AA_4586,P0DM56
Hadronyche_infensa_HACE01.transdecoder.pep_id_HACE01000044.1.p1,P0C2V2
Hadronyche_infensa_HACE01.transdecoder.pep_id_HACE01000087.1.p1,P0C2V2
Hadronyche_infensa_HACE01.transdecoder.pep_id_HACE01000008.1.p1,P0C2V2
Hadronyche_infensa_HACE01.transdecoder.pep_id_HACE01000059.1.p1,P0C2V2
Hadronyche_infensa_HACE01.transdecoder.pep_id_HACE01000072.1.p1,P0C2V2
Hadronyche_infensa_HACE01.transdecoder.pep_id_HACE01000074.1.p1,P0C2V2
Hadronyche_infensa_HACE01.transdecoder.pep_id_HACE01000080.1.p1,P0C2V2
Hadronyche_infensa_HACE01.transdecoder.pep_id_HACE01000002.1.p1,P0C2V2
Hadronyche_infensa_HACE01.transdecoder.pep_id_HACE01000084.1.p1,P0C2V2
Hadronyche_infensa_HACE01.transdecoder.pep_id_HACE01000056.1.p2,P0C2V2
Hadronyche_infensa_HACE01.transdecoder.pep_id_HACE01000103.1.p1,P0C2V2
Hadronyche_infensa_HACE01.transdecoder.pep_id_HACE01000027.1.p1,P0C2V2
Hadronyche_infensa_HACE01.transdecoder.pep_id_HACE01000010.1.p1,P0C2V2
Centruroides_hentzi_GFWZ01.transdecoder.pep_id_GFWZ01000040.1.p1,E4VP50
Scolopendra_morsitans_GHKQ01.transdecoder.pep_id_GHKQ01000536.1.p1,P0DQF3
MAA11594.1,P0DJ47
Pteromalus_puparum_GECT01.transdecoder.pep_id_GECT01005953.1.p1,P0DJ47
MCL6786443.1,P0DJ47
MCL6765917.1,P0DJ47
KAH7973337.1,P0DJ47
MCL6786669.1,P0DJ47
MCL6772834.1,P0DJ47
MCL6790489.1,P0DJ47
JAP76943.1,P0DJ47
MAA11633.1,P0DJ47
KAH7954250.1,P0DJ47
KAH6924023.1,P0DJ47
Hadronyche_infensa_HACE01.transdecoder.pep_id_HACE01000011.1.p1,Q75WG5
Hadronyche_infensa_HACE01.transdecoder.pep_id_HACE01000052.1.p1,Q75WG5
Hadronyche_infensa_HACE01.transdecoder.pep_id_HACE01000113.1.p1,Q75WG5
Hadronyche_infensa_HACE01.transdecoder.pep_id_HACE01000029.1.p1,Q75WG5
Hadronyche_infensa_HACE01.transdecoder.pep_id_HACE01000001.1.p1,Q75WG5
Hadronyche_infensa_HACE01.transdecoder.pep_id_HACE01000037.1.p1,Q75WG5
Hadronyche_infensa_HACE01.transdecoder.pep_id_HACE01000043.1.p1,Q75WG5
MCL6768901.1,P0C5F3
KAH8026054.1,P0CJ11
Bothrops_jararaca_GFJM01.transdecoder.pep_id_GFJM01001426.1.p1,P0DM53
Naja_naja_GHRX01.transdecoder.pep_id_GHRX01000496.1.p1,P0DM53
Phoneutria_nigriventer_GFUY01.transdecoder.pep_id_GFUY01048169.1.p1,P25687
Bungarus_multicinctus_GIKH01.transdecoder.pep_id_GIKH01011436.1.p1,B1B5J0
Latrodectus_tredecimguttatus_GANL01.transdecoder.pep_id_GANL01002298.1.p1,A0A2R4SV19
Latrodectus_tredecimguttatus_GANL01.transdecoder.pep_id_GANL01007681.1.p1,A0A2R4SV19
KAG0416192.1,A0A2R4SV19
MAA16381.1,A0A2R4SV19
KAH6924452.1,A0A2R4SV19
Hadronyche_infensa_HACE01.transdecoder.pep_id_HACE01000076.1.p1,W4VRV7
KAH8034687.1,Q4U4N3
KAH8034686.1,Q4U4N3
KAG0427593.1,P0DPW3
JAC30523.1,Q86RQ7
Crotalus_horridus_GBKD01_id_lcl|GBKD01001494.1_prot_JAG46124.1_1,P0DUN4
Crotalus_horridus_GDBD01_id_lcl|GDBD01000040.1_prot_JAS04858.1_1,P0DUN4
Crotalus_horridus_GBKD01_id_lcl|GBKD01001496.1_prot_JAG46122.1_1,P0DUN4
Crotalus_horridus_GDBD01_id_lcl|GDBD01000042.1_prot_JAS04856.1_1,P0DUN4
Crotalus_horridus_GBKD01_id_lcl|GBKD01001492.1_prot_JAG46126.1_1,P0DUN4
Crotalus_horridus_GBKD01_id_lcl|GBKD01001493.1_prot_JAG46125.1_1,P0DUN4
Crotalus_horridus_GDBD01_id_lcl|GDBD01000038.1_prot_JAS04860.1_1,P0DUN4
Crotalus_horridus_GBKD01_id_lcl|GBKD01001497.1_prot_JAG46121.1_1,P0DUN4
Crotalus_horridus_GDBD01_id_lcl|GDBD01000039.1_prot_JAS04859.1_1,P0DUN4
Crotalus_horridus_GDBD01_id_lcl|GDBD01000043.1_prot_JAS04855.1_1,P0DUN4
Sistrurus_tergeminus_GDBI01_id_lcl|GDBI01000057.1_prot_JAS05310.1_1,P0DUN4
Sistrurus_tergeminus_GDBI01_id_lcl|GDBI01000059.1_prot_JAS05308.1_1,P0DUN4
Sistrurus_tergeminus_GDBI01_id_lcl|GDBI01000060.1_prot_JAS05307.1_1,P0DUN4
Bothrops_atrox_GEDR01_id_lcl|GEDR01000079.1_prot_JAV01883.1_1,P0DUN4
Agkistrodon_contortrix_contortrix_GDAY02_id_lcl|GDAY02001785.1_prot_JAV51450.1_1,P0DUN4
Sistrurus_miliarius_barbouri_GDBJ01_id_lcl|GDBJ01000042.1_prot_JAS05447.1_1,P0DUN4
Sistrurus_miliarius_barbouri_GDBJ01_id_lcl|GDBJ01000045.1_prot_JAS05444.1_1,P0DUN4
Agkistrodon_conanti_GJUI01.transdecoder.pep_id_GJUI01000034.1.p1,P0DUN4
Agkistrodon_conanti_GDAZ01_id_lcl|GDAZ01000064.1_prot_JAS04489.1_1,P0DUN4
Agkistrodon_conanti_GDAZ01_id_lcl|GDAZ01000065.1_prot_JAS04488.1_1,P0DUN4
Sistrurus_miliarius_barbouri_GDBJ01_id_lcl|GDBJ01000041.1_prot_JAS05448.1_1,P0DUN4
Sistrurus_miliarius_barbouri_GDBJ01_id_lcl|GDBJ01000043.1_prot_JAS05446.1_1,P0DUN4
Sistrurus_miliarius_barbouri_GDBJ01_id_lcl|GDBJ01000044.1_prot_JAS05445.1_1,P0DUN4
Bothrops_jararaca_GFJM01.transdecoder.pep_id_GFJM01004899.1.p1,P0DUN4
Crotalus_horridus_GBKD01_id_lcl|GBKD01001495.1_prot_JAG46123.1_1,P0DUN4
Crotalus_horridus_GDBD01_id_lcl|GDBD01000041.1_prot_JAS04857.1_1,P0DUN4
Bothrops_jararaca_GFJM01.transdecoder.pep_id_GFJM01003432.1.p1,P0DUN4
Bothrops_atrox_GEDR01_id_lcl|GEDR01000082.1_prot_JAV01880.1_1,P0DUN4
Bothrops_jararaca_GFJM01.transdecoder.pep_id_GFJM01003513.1.p1,P0DUN4
Crotalus_horridus_GBKC01_id_lcl|GBKC01002425.1_prot_JAG43645.1_1,P0DUN4
Crotalus_horridus_GBKC01_id_lcl|GBKC01002426.1_prot_JAG43644.1_1,P0DUN4
Crotalus_horridus_GBKC01_id_lcl|GBKC01002427.1_prot_JAG43643.1_1,P0DUN4
Crotalus_horridus_GBKC01_id_lcl|GBKC01002424.1_prot_JAG43646.1_1,P0DUN4
Crotalus_horridus_GAAZ01_id_lcl|GAAZ01003063.1_prot_JAA94880.1_1,P0DUN4
Crotalus_oreganus_helleri_GAKR01_id_lcl|GAKR01000013.1_prot_JAA97972.1_1,P0DUN4
Crotalus_oreganus_helleri_GAKQ01_id_lcl|GAKQ01000024.1_prot_JAA97945.1_1,P0DUN4
Crotalus_oreganus_helleri_GAKS01_id_lcl|GAKS01000025.1_prot_JAA97991.1_1,P0DUN4
Crotalus_oreganus_helleri_GAKR01_id_lcl|GAKR01000014.1_prot_JAA97971.1_1,P0DUN4
Crotalus_horridus_GAAZ01_id_lcl|GAAZ01003060.1_prot_JAA94883.1_1,P0DUN4
Crotalus_horridus_GAAZ01_id_lcl|GAAZ01003061.1_prot_JAA94882.1_1,P0DUN4
Crotalus_horridus_GBKC01_id_lcl|GBKC01002431.1_prot_JAG43639.1_1,P0DUN4
Crotalus_horridus_GBKC01_id_lcl|GBKC01002432.1_prot_JAG43638.1_1,P0DUN4
Crotalus_horridus_GAAZ01_id_lcl|GAAZ01003064.1_prot_JAA94879.1_1,P0DUN4
Crotalus_horridus_GBKC01_id_lcl|GBKC01002433.1_prot_JAG43637.1_1,P0DUN4
Crotalus_horridus_GBKC01_id_lcl|GBKC01002434.1_prot_JAG43636.1_1,P0DUN4
Crotalus_simus_GECP01.transdecoder.pep_id_GECP01000092.1.p2,P0DUN4
Bungarus_multicinctus_GIKH01.transdecoder.pep_id_GIKH01046420.1.p2,P0CJ14
Bungarus_multicinctus_GIKH01.transdecoder.pep_id_GIKH01022817.1.p1,P0CJ14
Scolopocryptops_sexspinosus_GHBZ01.transdecoder.pep_id_GHBZ01001145.1.p1,P0CJ14
Bungarus_multicinctus_GIKH01.transdecoder.pep_id_GIKH01042455.1.p2,P0CJ14
Ampulex_compressa_GFCP01.transdecoder.pep_id_GFCP01042270.1.p1,P0CJ14
Ampulex_compressa_GFCP01.transdecoder.pep_id_GFCP01042273.1.p1,P0CJ14
Bungarus_multicinctus_GIKH01.transdecoder.pep_id_GIKH01040436.1.p1,P0CJ14
KAH8037157.1,P0CJ14
MAA16415.1,P0DM55
JAP82586.1,P0DM55
Trove_AA_105195,P0DM55
Trove_AA_49411,P0DM55
MBY08423.1,P0DM55
JAP86864.1,P0DM55
KAH6922786.1,P0DM55
Trove_AA_170556,P0DM55
Trove_AA_188993,P0DM55
Trove_AA_25972,P0DM55
Trove_AA_33024,P0DM55
Trove_AA_201946,P0DM55
Bungarus_multicinctus_GIKH01.transdecoder.pep_id_GIKH01065065.1.p1,P0DM55
Bungarus_multicinctus_GIKH01.transdecoder.pep_id_GIKH01052440.1.p1,P0DM55
Scolopocryptops_sexspinosus_GHBZ01.transdecoder.pep_id_GHBZ01001430.1.p1,P0DQG7
Scolopendra_morsitans_GHKQ01.transdecoder.pep_id_GHKQ01000484.1.p1,P0DQG7
Scolopendra_morsitans_GHKQ01.transdecoder.pep_id_GHKQ01000476.1.p1,P0DQG7
MDC7211136.1,P0DQG7
MOY37915.1,P0DQG7
Mulenga_Aam-29733,P0DQG7
Aam-29733,P0DQG7
JAC28558.1,Q8JFE6
Trove_AA_69328,Q5Y4U4
KAH7933722.1,Q5Y4U4
GBXQ01000238.1.p2,P0CI94
NOV53147.1,Q8MTX1
Mulenga_Aam-1042136,L0GCW8
Aam-1042136,L0GCW8
JAP77576.1,L0GCW8
Vipera_aspis_GIJB01.transdecoder.pep_id_GIJB01000593.1.p1,P0DJL4
KAH6931514.1,P0DQE9
MCL6769602.1,P0DQE7
MCL6770244.1,P0DQE7
Scolopendra_morsitans_GHKQ01.transdecoder.pep_id_GHKQ01000529.1.p1,P0DQE7
MCL6766849.1,P0DQE7
MCL6767336.1,P0DQE7
Trove_AA_67586,P0DQE7
MCL6769942.1,P0DQE7
Bungarus_multicinctus_GIKH01.transdecoder.pep_id_GIKH01049330.1.p1,F8J2B3
Bungarus_multicinctus_GIKH01.transdecoder.pep_id_GIKH01050072.1.p2,F8J2B3
Bungarus_multicinctus_GIKH01.transdecoder.pep_id_GIKH01061903.1.p1,F8J2B3
Bungarus_multicinctus_GIKH01.transdecoder.pep_id_GIKH01066927.1.p1,F8J2B3
Bungarus_multicinctus_GIKH01.transdecoder.pep_id_GIKH01020594.1.p1,F8J2B3
Dendroaspis_jamesoni_jamesoni_GHPA01.transdecoder.pep_id_GHPA01000152.1.p2,F8J2B3
Bungarus_multicinctus_GIKH01.transdecoder.pep_id_GIKH01043527.1.p1,F8J2B3
Bungarus_multicinctus_GIKH01.transdecoder.pep_id_GIKH01049538.1.p1,F8J2B3
Bungarus_multicinctus_GIKH01.transdecoder.pep_id_GIKH01036847.1.p1,F8J2B3
Bungarus_multicinctus_GIKH01.transdecoder.pep_id_GIKH01069657.1.p1,F8J2B3
Aspidelaps_scutatus_GHOC01.transdecoder.pep_id_GHOC01000780.1.p1,F8J2B3
Bungarus_multicinctus_GIKH01.transdecoder.pep_id_GIKH01058539.1.p1,P0DL42
KAG0413903.1,A7X3W6
EEC16647.1,A7X3W6
JAR89651.1,A7X3W6
Bungarus_multicinctus_GIKH01.transdecoder.pep_id_GIKH01018902.1.p1,A7X3W6
Trove_AA_35598,A7X3W6
KAH7974535.1,A7X3W6
Scolopendra_morsitans_GHKQ01.transdecoder.pep_id_GHKQ01000487.1.p1,P0DQE3
KAH7947963.1,P0DM61
Bungarus_multicinctus_GIKH01.transdecoder.pep_id_GIKH01047104.1.p1,Q2XXL4
Micrurus_fulvius_GAEP01_id_lcl|GAEP01001746.1_prot_JAB53075.1_1,Q2XXL4
Boiga_irregularis_GBSH01_id_lcl|GBSH01002928.1_prot_JAG66099.1_1,Q2XXL4
Bungarus_multicinctus_GIKH01.transdecoder.pep_id_GIKH01070799.1.p1,Q2XXL4
Bungarus_multicinctus_GIKH01.transdecoder.pep_id_GIKH01054929.1.p1,Q2XXL4
Bungarus_multicinctus_GIKH01.transdecoder.pep_id_GIKH01021547.1.p1,Q2XXL4
Bungarus_multicinctus_GIKH01.transdecoder.pep_id_GIKH01064515.1.p1,P0DJG3
Ampulex_compressa_GFCP01.transdecoder.pep_id_GFCP01025285.1.p1,P0DPW5
Latrodectus_tredecimguttatus_GANL01.transdecoder.pep_id_GANL01009688.1.p1,P0DPS4
Bothrops_jararaca_GFJM01.transdecoder.pep_id_GFJM01044030.1.p1,P0DPS4
Conus_tribblei_GCJM01_id_lcl|GCJM01000028.1_prot_JAG92850.1_1,P0CB20
KAG0432454.1,D2CFI7
Trove_AA_71812,B1P1J1
Trove_AA_76236,B1P1J1
Trove_AA_70389,B1P1J1
Trove_AA_70496,B1P1J1
KAH7941711.1,P84032
Bungarus_multicinctus_GIKH01.transdecoder.pep_id_GIKH01017645.1.p1,P84032
Cotesia_vestalis_GAQF01.transdecoder.pep_id_GAQF01001227.1.p1,P84032
Cotesia_vestalis_GAQF01.transdecoder.pep_id_GAQF01018445.1.p1,A7X4K1
Hadrurus_spadix_GFAH01_id_lcl|GFAH01000160.1_prot_JAV48229.1_1,B1P1J3
Centruroides_hentzi_GFWZ01.transdecoder.pep_id_GFWZ01000084.1.p1,B1P1J3
Scolopocryptops_sexspinosus_GHBZ01.transdecoder.pep_id_GHBZ01000748.1.p1,B1P1J3
KAH7942249.1,B1P1J3
JAP66995.1,B1P1J3
Glycera_tridactyla_GART01.transdecoder.pep_id_GART01000948.1.p1,B1P1J3
Cotesia_vestalis_GAQF01.transdecoder.pep_id_GAQF01005457.1.p1,B1P1J3
Psyttalia_concolor_GCDX01.transdecoder.pep_id_GCDX01013321.1.p1,B1P1J3
KAH6926048.1,B1P1J3
Diadromus_collaris_GAPR01.transdecoder.pep_id_GAPR01025338.1.p1,B1P1J3
KAG0426522.1,P80003
KAH6925383.1,P80003
MXU98563.1,Q8WPI2
MBY04659.1,Q8WPI2
Trove_AA_39564,Q8WPI2
Trove_AA_91753,Q8WPI2
Trove_AA_194066,Q8WPI2
EEC13394.1,Q8WPI2
MXU98178.1,Q8WPI2
KAG0414916.1,Q8WPI2
Scolopocryptops_sexspinosus_GHBZ01.transdecoder.pep_id_GHBZ01001520.1.p1,Q8WPI2
MAA11787.1,Q8WPI2
KAH7938906.1,Q8WPI2
JAP80062.1,Q8WPI2
JAA69376.1,Q8WPI2
Bungarus_multicinctus_GIKH01.transdecoder.pep_id_GIKH01066477.1.p1,Q8WPI2
MXU98522.1,Q8WPI2
MXU98722.1,Q8WPI2
MXU98523.1,Q8WPI2
JAR95399.1,Q8WPI2
JAA69444.1,Q8WPI2
MDC7209099.1,Q8WPI2
MAA11565.1,Q8WPI2
JAA69401.1,Q8WPI2
KAH6925672.1,Q8WPI2
JAP88061.1,Q8WPI2
JAA66526.1,Q8WPI2
MXU98175.1,Q8WPI2
JAA72389.1,Q8WPI2
JAA66423.1,Q8WPI2
JAA66594.1,Q8WPI2
KAH8036764.1,Q8WPI2
KAH8037743.1,Q8WPI2
Ampulex_compressa_GFCP01.transdecoder.pep_id_GFCP01027323.1.p1,P67863
Ampulex_compressa_GFCP01.transdecoder.pep_id_GFCP01023313.1.p1,P67863
Cotesia_vestalis_GAQF01.transdecoder.pep_id_GAQF01000361.1.p1,P67863
KAH7954711.1,P67863
KAH7968081.1,P67863
KAH9362853.1,P67863
Bothrops_jararaca_GFJM01.transdecoder.pep_id_GFJM01003256.1.p1,Q71RP8
Bungarus_multicinctus_GIKH01.transdecoder.pep_id_GIKH01013549.1.p1,Q71RP8
Phoneutria_nigriventer_GFUY01.transdecoder.pep_id_GFUY01012653.1.p1,Q71RP8
Latrodectus_tredecimguttatus_GANL01.transdecoder.pep_id_GANL01002554.1.p1,Q71RP8
Bungarus_multicinctus_GIKH01.transdecoder.pep_id_GIKH01022420.1.p2,Q71RP8
Bungarus_multicinctus_GIKH01.transdecoder.pep_id_GIKH01025657.1.p2,Q71RP8
Bungarus_multicinctus_GIKH01.transdecoder.pep_id_GIKH01021515.1.p2,Q71RP8
Bungarus_multicinctus_GIKH01.transdecoder.pep_id_GIKH01054214.1.p1,Q71RP8
Bungarus_multicinctus_GIKH01.transdecoder.pep_id_GIKH01022454.1.p1,Q71RP8
Bungarus_multicinctus_GIKH01.transdecoder.pep_id_GIKH01011557.1.p1,Q71RP8
Bungarus_multicinctus_GIKH01.transdecoder.pep_id_GIKH01032167.1.p2,Q71RP8
Bungarus_multicinctus_GIKH01.transdecoder.pep_id_GIKH01017541.1.p1,Q71RP8
Bungarus_multicinctus_GIKH01.transdecoder.pep_id_GIKH01055463.1.p1,Q71RP8
Bungarus_multicinctus_GIKH01.transdecoder.pep_id_GIKH01043531.1.p2,Q71RP8
Bungarus_multicinctus_GIKH01.transdecoder.pep_id_GIKH01070661.1.p1,Q71RP8
Bungarus_multicinctus_GIKH01.transdecoder.pep_id_GIKH01035122.1.p1,Q71RP8
Bungarus_multicinctus_GIKH01.transdecoder.pep_id_GIKH01023022.1.p1,Q71RP8
Bungarus_multicinctus_GIKH01.transdecoder.pep_id_GIKH01026309.1.p2,Q71RP8
Bungarus_multicinctus_GIKH01.transdecoder.pep_id_GIKH01054693.1.p1,Q71RP8
Crotalus_simus_GECP01.transdecoder.pep_id_GECP01000015.1.p1,Q71RP8
Bungarus_multicinctus_GIKH01.transdecoder.pep_id_GIKH01054046.1.p1,Q71RP8
Bungarus_multicinctus_GIKH01.transdecoder.pep_id_GIKH01029902.1.p1,Q71RP8
Bungarus_multicinctus_GIKH01.transdecoder.pep_id_GIKH01022496.1.p1,Q71RP8
Bungarus_multicinctus_GIKH01.transdecoder.pep_id_GIKH01022390.1.p1,Q71RP8
Bungarus_multicinctus_GIKH01.transdecoder.pep_id_GIKH01042881.1.p1,Q71RP8
Bungarus_multicinctus_GIKH01.transdecoder.pep_id_GIKH01067938.1.p1,Q71RP8
Bungarus_multicinctus_GIKH01.transdecoder.pep_id_GIKH01031373.1.p1,Q71RP8
Bungarus_multicinctus_GIKH01.transdecoder.pep_id_GIKH01020122.1.p1,Q71RP8
Bungarus_multicinctus_GIKH01.transdecoder.pep_id_GIKH01035444.1.p1,Q71RP8
Bungarus_multicinctus_GIKH01.transdecoder.pep_id_GIKH01045045.1.p1,Q71RP8
Bungarus_multicinctus_GIKH01.transdecoder.pep_id_GIKH01013995.1.p1,Q71RP8
Bungarus_multicinctus_GIKH01.transdecoder.pep_id_GIKH01032002.1.p1,Q71RP8
Bungarus_multicinctus_GIKH01.transdecoder.pep_id_GIKH01065574.1.p1,Q71RP8
Crotalus_simus_GECP01.transdecoder.pep_id_GECP01000107.1.p1,Q71RP8
Crotalus_simus_GECP01.transdecoder.pep_id_GECP01000271.1.p1,Q71RP8
Crotalus_simus_GECP01.transdecoder.pep_id_GECP01000075.1.p1,Q71RP8
Bungarus_multicinctus_GIKH01.transdecoder.pep_id_GIKH01048900.1.p1,Q71RP8
Crotalus_durissus_terrificus_HAGK01.transdecoder.pep_id_HAGK01000031.1.p1,Q6T269
Bungarus_multicinctus_GIKH01.transdecoder.pep_id_GIKH01000542.1.p1,Q6T269
Pteromalus_puparum_GECT01.transdecoder.pep_id_GECT01038815.1.p1,Q6T269
Mulenga_Aam-471922,Q6T269
Aam-471922,Q6T269
Ampulex_compressa_GFCP01.transdecoder.pep_id_GFCP01037663.1.p1,Q6T269
Ampulex_compressa_GFCP01.transdecoder.pep_id_GFCP01037668.1.p1,Q6T269
Ampulex_compressa_GFCP01.transdecoder.pep_id_GFCP01037664.1.p1,Q6T269
Ampulex_compressa_GFCP01.transdecoder.pep_id_GFCP01037669.1.p1,Q6T269
Ampulex_compressa_GFCP01.transdecoder.pep_id_GFCP01037666.1.p1,Q6T269
Ampulex_compressa_GFCP01.transdecoder.pep_id_GFCP01037667.1.p1,Q6T269
MAA11573.1,Q6T269
JAP84674.1,Q6T269
MAA11557.1,Q6T269
Scolopocryptops_sexspinosus_GHBZ01.transdecoder.pep_id_GHBZ01001283.1.p1,Q6T269
MAA11558.1,Q6T269
JAA71186.1,Q6T269
MAA11555.1,Q6T269
MAA11786.1,Q6T269
MAA11735.1,Q6T269
MAA11736.1,Q6T269
JAP88190.1,Q6T269
KAG0431670.1,Q6T269
EEC04094.1,Q6T269
JAP86220.1,Q6T269
MAA11768.1,Q6T269
KAH7973562.1,A5X2X1
JAP84759.1,A5X2X1
KAH7942222.1,A5X2X1
KAH7979439.1,A5X2X1
MXU98353.1,A5X2X1
JAA71308.1,A5X2X1
Mulenga_Aam-361640,A5X2X1
Bungarus_multicinctus_GIKH01.transdecoder.pep_id_GIKH01015097.1.p1,Q9W7J4
KAH9368847.1,Q8WS88
KAH6929682.1,Q8WS88
Bungarus_multicinctus_GIKH01.transdecoder.pep_id_GIKH01059841.1.p1,Q8AY75
KAH7967756.1,Q8AY75
Mulenga_Aam-332951,Q8AY75
KAH8041052.1,Q8AY75
Bungarus_multicinctus_GIKH01.transdecoder.pep_id_GIKH01012213.1.p2,Q8AY75
Bungarus_multicinctus_GIKH01.transdecoder.pep_id_GIKH01055529.1.p1,Q8AY75
KAH9370330.1,Q8AY75
KAG0433182.1,Q8AY75
MOY42738.1,Q8AY75
KAH7967755.1,Q8AY75
KAH7958452.1,Q8AY75
KAH6938951.1,Q8AY75
KAG0431768.1,Q8AY75
MCL6790949.1,Q8AY75
MCL6788766.1,Q8AY75
KAH8041027.1,Q8AY75
JAC29971.1,Q8AY75
MCL6775890.1,Q8AY75
KAH6934712.1,Q8AY75
KAH7952080.1,Q8AY75
GBXQ01022709.1.p1,Q8AY75
KAH7946316.1,Q8AY75
KAH8029447.1,Q8AY75
KAH7966771.1,Q8AY75
KAH6921907.1,Q8AY75
JAP86763.1,Q8AY75
KAH7977875.1,Q8AY75
Bungarus_multicinctus_GIKH01.transdecoder.pep_id_GIKH01022046.1.p1,Q8AY75
KAH7985364.1,Q8AY75
MOY38674.1,Q8AY75
KAH6930241.1,Q8AY75
KAH9380777.1,Q8AY75
Ampulex_compressa_GFCP01.transdecoder.pep_id_GFCP01002947.1.p1,Q8AY75
Boiga_irregularis_GBSH01_id_lcl|GBSH01001117.1_prot_JAG67908.1_1,Q8AY75
KAH7974628.1,Q8AY75
Bungarus_multicinctus_GIKH01.transdecoder.pep_id_GIKH01032610.1.p1,Q8AY75
Trove_AA_3243,Q8AY75
Trove_AA_48415,Q8AY75
Trove_AA_56213,Q8AY75
Trove_AA_54704,Q8AY75
Trove_AA_51213,Q8AY75
Trove_AA_57497,Q8AY75
MBY10539.1,Q8AY75
Mulenga_Aam-389200,Q8AY75
Trove_AA_49524,Q8AY75
JAC34454.1,Q8AY75
MCL6769328.1,Q8AY75
Trove_AA_49347,Q8AY75
Trove_AA_51495,Q8AY75
JAP63679.1,Q8AY75
Crotalus_horridus_GBKC01_id_lcl|GBKC01001382.1_prot_JAG44688.1_1,Q8AY75
Mulenga_Aam-341511,Q8AY75
Bungarus_multicinctus_GIKH01.transdecoder.pep_id_GIKH01070748.1.p1,Q8AY75
Bungarus_multicinctus_GIKH01.transdecoder.pep_id_GIKH01035675.1.p1,Q8AY75
JAP78311.1,Q8AY75
MAA23961.1,Q8AY75
Psyttalia_concolor_GCDX01.transdecoder.pep_id_GCDX01006809.1.p1,Q8AY75
KAG0420937.1,Q8AY75
MDC7211643.1,Q8AY75
Glycera_tridactyla_GARU01.transdecoder.pep_id_GARU01000861.1.p1,Q8AY75
Glycera_tridactyla_GARU01.transdecoder.pep_id_GARU01000862.1.p1,Q8AY75
KAG0433049.1,Q8AY75
Bungarus_multicinctus_GIKH01.transdecoder.pep_id_GIKH01070506.1.p1,Q66S03
Bungarus_multicinctus_GIKH01.transdecoder.pep_id_GIKH01055244.1.p1,Q66S03
Bungarus_multicinctus_GIKH01.transdecoder.pep_id_GIKH01001596.1.p1,Q66S03
Latrodectus_tredecimguttatus_GANL01.transdecoder.pep_id_GANL01004525.1.p1,Q66S03
Phoneutria_nigriventer_GFUY01.transdecoder.pep_id_GFUY01026078.1.p1,Q66S03
KAG0422500.1,Q66S03
Trove_AA_84400,Q66S03
Trove_AA_196800,Q66S03
Trove_AA_204236,Q66S03
KAH8023076.1,Q66S03
Crotalus_simus_GECP01.transdecoder.pep_id_GECP01000233.1.p1,D1MZV3
Phalotris_mertensi_GEHL01_id_lcl|GEHL01006909.1_prot_JAS03141.1_1,D1MZV3
Bungarus_multicinctus_GIKH01.transdecoder.pep_id_GIKH01073342.1.p1,P31989
Aam-158571,W4VSH9
Mulenga_Aam-158571,W4VSH9
KAG0422732.1,W4VSH9
MAA11737.1,W4VSH9
JAP82178.1,W4VSH9
KAH7951034.1,W4VSH9
KAH8023193.1,W4VSH9
KAH8027206.1,W4VSH9
Bungarus_multicinctus_GIKH01.transdecoder.pep_id_GIKH01029031.1.p1,P0DM62
MCL6789175.1,P0DM62
JAR93017.1,P0DM62
Trove_AA_86657,P0DM62
MOY42301.1,P0DM62
Bungarus_multicinctus_GIKH01.transdecoder.pep_id_GIKH01064063.1.p1,P83234
Bungarus_multicinctus_GIKH01.transdecoder.pep_id_GIKH01058633.1.p1,P83234
Bungarus_multicinctus_GIKH01.transdecoder.pep_id_GIKH01053343.1.p1,P83234
Bungarus_multicinctus_GIKH01.transdecoder.pep_id_GIKH01051717.1.p1,P83234
Bungarus_multicinctus_GIKH01.transdecoder.pep_id_GIKH01061048.1.p1,P83234
Bungarus_multicinctus_GIKH01.transdecoder.pep_id_GIKH01067561.1.p1,P83234
KAG0439215.1,P83906
MCL6773147.1,I6VXS1
JAP85037.1,I6VXS1
JAA72311.1,I6VXS1
MAA11560.1,I6VXS1
Psyttalia_concolor_GCDX01.transdecoder.pep_id_GCDX01000200.1.p1,Q0NZX8
KAH9376230.1,P0DPU6
KAH9367731.1,P0DPU6
Bungarus_multicinctus_GIKH01.transdecoder.pep_id_GIKH01046586.1.p1,Q2XXQ7
Hemiscolopendra_marginata_GHBY01.transdecoder.pep_id_GHBY01000671.1.p1,Q2XXQ7
Pteromalus_puparum_GECT01.transdecoder.pep_id_GECT01026303.1.p1,Q2XXQ7
Cotesia_vestalis_GAQF01.transdecoder.pep_id_GAQF01001145.1.p1,Q2XXQ7
Ampulex_compressa_GFCP01.transdecoder.pep_id_GFCP01023072.1.p1,Q2XXQ7
Ampulex_compressa_GFCP01.transdecoder.pep_id_GFCP01023070.1.p1,Q2XXQ7
Ampulex_compressa_GFCP01.transdecoder.pep_id_GFCP01023071.1.p1,Q2XXQ7
KAH6945270.1,Q2XXQ7
Trove_AA_46794,Q2XXQ7
Trove_AA_184369,Q2XXQ7
Microplitis_demolitor_GANH01.transdecoder.pep_id_GANH01000344.1.p1,Q5ECE3
EEC12873.1,A0A3G5BID2
Trove_AA_12210,A0A3G5BID2
Pteromalus_puparum_GECT01.transdecoder.pep_id_GECT01038273.1.p1,P86976
JAP85269.1,P86976
Pteromalus_puparum_GECT01.transdecoder.pep_id_GECT01002763.1.p1,Q8T0W2
Urolepis_rufipes_GFPA01.transdecoder.pep_id_GFPA01000430.1.p1,Q8T0W2
KAH8040544.1,P0DPU1
KAH9376241.1,P0DPU1
KAH6942651.1,P0DPU1
KAG0430528.1,P0DPU1
KAH7953761.1,P0DPU1
Bungarus_multicinctus_GIKH01.transdecoder.pep_id_GIKH01062113.1.p1,P0DPU1
Bungarus_multicinctus_GIKH01.transdecoder.pep_id_GIKH01035171.1.p1,P0DPU1
Bungarus_multicinctus_GIKH01.transdecoder.pep_id_GIKH01059428.1.p1,P0DPU1
KAG0418259.1,P0DPU1
Diadromus_collaris_GAPR01.transdecoder.pep_id_GAPR01000768.1.p1,P0DPU1
Diadromus_collaris_GAPR01.transdecoder.pep_id_GAPR01027111.1.p1,P0DPU1
KAH8037322.1,P0DPU1
Bungarus_multicinctus_GIKH01.transdecoder.pep_id_GIKH01053043.1.p1,D9IX98
KAH6939066.1,P0DQA2
KAH7964775.1,P0DQA2
Trove_AA_63425,E2IYB3
Bungarus_multicinctus_GIKH01.transdecoder.pep_id_GIKH01062882.1.p1,E2IYB3
Trove_AA_86110,E2IYB3
Trove_AA_100974,E2IYB3
Pseudagkistrodon_rudis_GDKV01.transdecoder.pep_id_GDKV01008698.1.p1,P0DJ86
Bungarus_multicinctus_GIKH01.transdecoder.pep_id_GIKH01032289.1.p1,P0DJ86
Trove_AA_80524,P0DJ86
MXU99252.1,P0DJ86
MXU99529.1,P0DJ86
Dendroaspis_polylepis_GHPD01.transdecoder.pep_id_GHPD01000052.1.p1,P0DJ86
JAR89448.1,P0DJ86
KAG0411027.1,P0DJ86
Naja_philippinensis_GIJK01.transdecoder.pep_id_GIJK01000123.1.p1,P0DJ86
Micrurus_fulvius_GAEP01_id_lcl|GAEP01000821.1_prot_JAB54000.1_1,B2BS84
Pseudagkistrodon_rudis_GDKV01.transdecoder.pep_id_GDKV01015098.1.p1,B2BS84
Boiga_irregularis_GBSH01_id_lcl|GBSH01000088.1_prot_JAG68936.1_1,B2BS84
Boiga_irregularis_GDBA01_id_lcl|GDBA01000088.1_prot_JAS04573.1_1,B2BS84
Bothrops_atrox_GEDR01_id_lcl|GEDR01000073.1_prot_JAV01889.1_1,B2BS84
Bothrops_jararaca_GFJM01.transdecoder.pep_id_GFJM01015998.1.p1,B2BS84
Crotalus_horridus_GBKC01_id_lcl|GBKC01001831.1_prot_JAG44239.1_1,B2BS84
Crotalus_horridus_GAAZ01_id_lcl|GAAZ01003051.1_prot_JAA94892.1_1,B2BS84
Crotalus_durissus_terrificus_HAGK01.transdecoder.pep_id_HAGK01000018.1.p1,B2BS84
Bungarus_multicinctus_GIKH01.transdecoder.pep_id_GIKH01029214.1.p1,B2BS84
KAH6926479.1,B2BS84
MAA11595.1,B2BS84
MCL6771035.1,C9D7R2
KAH9381560.1,C9D7R2
MCL6792231.1,G4V4G1
MOY38669.1,A0A6P8HC43
MOY38670.1,A0A6P8HC43
GBXQ01023993.1.p1,A0A6P8HC43
JAR95007.1,A0A6P8HC43
MOY41961.1,A0A6P8HC43
KAG0425547.1,A0A6P8HC43
JAP85753.1,A0A6P8HC43
JAP85752.1,A0A6P8HC43
JAP85755.1,A0A6P8HC43
KAH6926582.1,A0A6P8HC43
JAP85754.1,A0A6P8HC43
KAH6926581.1,A0A6P8HC43
Trove_AA_51585,A0A6P8HC43
Trove_AA_77650,A0A6P8HC43
Trove_AA_66412,A0A6P8HC43
Trove_AA_60326,A0A6P8HC43
Trove_AA_63016,A0A6P8HC43
Trove_AA_58336,A0A6P8HC43
Trove_AA_59506,A0A6P8HC43
Trove_AA_56491,A0A6P8HC43
Trove_AA_37942,A0A6P8HC43
Trove_AA_97598,A0A6P8HC43
Trove_AA_16154,A0A6P8HC43
Trove_AA_48902,A0A6P8HC43
Trove_AA_43789,A0A6P8HC43
MAA11563.1,A0A6P8HC43
MAA11561.1,A0A6P8HC43
MAA11562.1,A0A6P8HC43
KAH7941211.1,A0A6P8HC43
Trove_AA_173453,A0A6P8HC43
Mulenga_Aam-436547,A0A6P8HC43
Aam-436547,A0A6P8HC43
Trove_AA_191202,A0A6P8HC43
Trove_AA_173454,A0A6P8HC43
KAG0441213.1,A0A6P8HC43
KAH9375125.1,A0A6P8HC43
KAH7972858.1,A0A6P8HC43
KAH6925487.1,A0A6P8HC43
KAH7973024.1,A0A6P8HC43
Trove_AA_18927,A0A6P8HC43
KAH9379321.1,A0A6P8HC43
Phoneutria_nigriventer_GFUY01.transdecoder.pep_id_GFUY01016425.1.p1,Q7YT83
KAH7976861.1,J3S9D9
KAH6922639.1,J3S9D9
Pteromalus_puparum_GECT01.transdecoder.pep_id_GECT01004631.1.p1,J3S9D9
Diadromus_collaris_GAPR01.transdecoder.pep_id_GAPR01021881.1.p1,J3S9D9
Diadromus_collaris_GAPR01.transdecoder.pep_id_GAPR01021882.1.p1,J3S9D9
Ampulex_compressa_GFCP01.transdecoder.pep_id_GFCP01028973.1.p1,J3S9D9
KAH6921736.1,Q90WC0
EEC17769.1,Q90WC0
Trove_AA_103502,Q90WC0
Trove_AA_187316,Q90WC0
Trove_AA_112480,Q90WC0
Trove_AA_187315,Q90WC0
Trove_AA_21566,Q90WC0
KAH6927889.1,Q90WC0
Trove_AA_57417,A0A6B7FMR5
Trove_AA_162556,A0A6B7FMR5
Trove_AA_41613,A0A6B7FMR5
Ampulex_compressa_GFCP01.transdecoder.pep_id_GFCP01042900.1.p1,P86092
KAH7952457.1,P86092
KAH7935957.1,Q6Q252
KAH8035669.1,Q6Q252
Phoneutria_nigriventer_GFUY01.transdecoder.pep_id_GFUY01004349.1.p1,D8VNT0
Phoneutria_nigriventer_GFUY01.transdecoder.pep_id_GFUY01015075.1.p1,D8VNT0
Latrodectus_tredecimguttatus_GANL01.transdecoder.pep_id_GANL01009335.1.p1,D8VNT0
Latrodectus_tredecimguttatus_GANL01.transdecoder.pep_id_GANL01009336.1.p1,D8VNT0
JAP84699.1,D8VNT0
MAA12116.1,D8VNT0
Trove_AA_67929,D8VNT0
Trove_AA_17738,D8VNT0
KAH7964658.1,D8VNT0
KAH7962973.1,D8VNT0
Trove_AA_22311,D8VNT0
Trove_AA_88178,D8VNT0
Trove_AA_70867,D8VNT0
Trove_AA_88727,D8VNT0
Trove_AA_15719,D8VNT0
MCL6778879.1,D8VNT0
Trove_AA_50990,D8VNT0
Trove_AA_58769,D8VNT0
Trove_AA_50801,D8VNT0
MBY09956.1,D8VNT0
EEC11935.1,D8VNT0
KAG0423433.1,D8VNT0
Trove_AA_174320,D8VNT0
Trove_AA_37341,D8VNT0
Trove_AA_46146,D8VNT0
MCL6790531.1,D8VNT0
KAH9370099.1,D8VNT0
MOY43615.1,D8VNT0
JAR89735.1,D8VNT0
MXV00730.1,D8VNT0
MDC7213540.1,D8VNT0
Bungarus_multicinctus_GIKH01.transdecoder.pep_id_GIKH01016851.1.p1,D8VNT0
Mulenga_Aam-524792,D8VNT0
Trove_AA_47360,D8VNT0
Trove_AA_61850,D8VNT0
Trove_AA_58367,D8VNT0
Trove_AA_52325,D8VNT0
Trove_AA_38466,D8VNT0
Trove_AA_202792,D8VNT0
Trove_AA_207113,D8VNT0
Trove_AA_111810,D8VNT0
Trove_AA_94911,D8VNT0
Trove_AA_88264,D8VNT0
Trove_AA_92008,D8VNT0
Mulenga_Aam-85888,D8VNT0
Aam-85888,D8VNT0
Trove_AA_32453,D8VNT0
Trove_AA_102409,D8VNT0
Trove_AA_49672,D8VNT0
Trove_AA_88122,D8VNT0
Trove_AA_202206,D8VNT0
Trove_AA_84083,D8VNT0
Trove_AA_45675,D8VNT0
Trove_AA_110241,D8VNT0
Bungarus_multicinctus_GIKH01.transdecoder.pep_id_GIKH01015186.1.p1,D8VNT0
MXV01102.1,Q9IAY4
MOY43238.1,Q9IAY4
KAH6942481.1,Q75WF2
KAH7950443.1,Q75WF2
KAH7943924.1,Q75WF2
KAH8036593.1,Q75WF2
Ampulex_compressa_GFCP01.transdecoder.pep_id_GFCP01024701.1.p1,B5U2W0
Trove_AA_86004,B5U2W0
KAH6929037.1,B5U2W0
KAH7931998.1,B5U2W0
KAH7952397.1,B5U2W0
KAH7945488.1,B5U2W0
Bungarus_multicinctus_GIKH01.transdecoder.pep_id_GIKH01055350.1.p1,B5U2W0
MOY43597.1,B5U2W0
Trove_AA_110252,B5U2W0
KAH6931702.1,B5U2W0
KAG0444412.1,B5U2W0
Bungarus_multicinctus_GIKH01.transdecoder.pep_id_GIKH01054419.1.p1,B5U2W0
Bungarus_multicinctus_GIKH01.transdecoder.pep_id_GIKH01071607.1.p1,B5U2W0
KAG0419824.1,B5U2W0
KAH7938261.1,B5U2W0
KAG0433279.1,B5U2W0
KAH7970396.1,B5U2W0
KAH9368867.1,B5U2W0
KAH6936030.1,B5U2W0
Bungarus_multicinctus_GIKH01.transdecoder.pep_id_GIKH01042130.1.p1,B5U2W0
GBXQ01005522.1.p1,B5U2W0
GBXQ01005521.1.p1,B5U2W0
MOY36017.1,B5U2W0
Trove_AA_67939,B5U2W0
KAH7951426.1,B5U2W0
KAH6930219.1,B5U2W0
KAH6930217.1,B5U2W0
Hemiscolopendra_marginata_GHBY01.transdecoder.pep_id_GHBY01000314.1.p1,B5U2W0
EEC04524.1,B5U2W0
KAG0430829.1,B5U2W0
Bungarus_multicinctus_GIKH01.transdecoder.pep_id_GIKH01023669.1.p1,B5U2W0
EEC08768.1,B5U2W0
KAG0437487.1,B5U2W0
GBXQ01009722.1.p1,B5U2W0
Pteromalus_puparum_GECT01.transdecoder.pep_id_GECT01038761.1.p1,B5U2W0
Trove_AA_25080,B5U2W0
GBXQ01008285.1.p1,B5U2W0
KAH9369140.1,B5U2W0
Ampulex_compressa_GFCP01.transdecoder.pep_id_GFCP01025719.1.p1,B5U2W0
MAA16570.1,B5U2W0
JAP83830.1,B5U2W0
KAH6931703.1,B5U2W0
MDC7210894.1,B5U2W0
JAP66931.1,B5U2W0
MCL6769872.1,B5U2W0
MOY36018.1,B5U2W0
KAG0433339.1,B5U2W0
Bungarus_multicinctus_GIKH01.transdecoder.pep_id_GIKH01026765.1.p1,B5U2W0
GBXQ01023401.1.p1,B5U2W0
KAH6936675.1,B5U2W0
KAG0413276.1,B5U2W0
Trove_AA_187279,B5U2W0
MBY11183.1,B5U2W0
KAH9361197.1,B5U2W0
JAP82847.1,B5U2W0
KAH8024041.1,B5U2W0
KAH7968347.1,B5U2W0
KAG0411558.1,B5U2W0
Microplitis_demolitor_GANH01.transdecoder.pep_id_GANH01001296.1.p1,B5U2W0
KAH7956685.1,B5U2W0
Boiga_irregularis_GBSH01_id_lcl|GBSH01000704.1_prot_JAG68321.1_1,B5U2W0
Bungarus_multicinctus_GIKH01.transdecoder.pep_id_GIKH01062335.1.p1,B5U2W0
Bungarus_multicinctus_GIKH01.transdecoder.pep_id_GIKH01045130.1.p1,B5U2W0
EEC19430.1,B5U2W0
MBY07631.1,B5U2W0
MBY07630.1,B5U2W0
MCL6779854.1,B5U2W0
KAH7979844.1,B5U2W0
MDC7213419.1,B5U2W0
KAH6937974.1,B5U2W0
KAG0437485.1,B5U2W0
KAG0413281.1,Q202J4
Mulenga_Aam-546359,Q202J4
KAH7943627.1,Q202J4
KAH7943632.1,Q202J4
KAH6948042.1,Q66S17
KAH7970776.1,Q66S17
KAH7973157.1,Q90YA8
KAH9366139.1,Q90YA8
JAR93459.1,Q90YA8
KAG0445038.1,Q90YA8
MCL6769987.1,A0A6B9KZ40
MCL6773609.1,A0A6B9KZ40
Trove_AA_89996,A0A6B9KZ40
Trove_AA_100586,A0A6B9KZ40
Trove_AA_88085,A0A6B9KZ40
Trove_AA_189105,A0A6B9KZ40
MCL6788776.1,A0A6B9KZ40
MCL6782155.1,A0A6B9KZ40
Trove_AA_45733,A0A6B9KZ40
Trove_AA_49711,A0A6B9KZ40
MCL6788255.1,A0A6B9KZ40
MCL6780658.1,A0A6B9KZ40
Trove_AA_92635,A0A6B9KZ40
Trove_AA_102727,A0A6B9KZ40
MOY39514.1,A0A6B9KZ40
JAR93064.1,A0A6B9KZ40
MXV01115.1,A0A6B9KZ40
MXV01116.1,A0A6B9KZ40
MBY09582.1,A0A6B9KZ40
Ampulex_compressa_GFCP01.transdecoder.pep_id_GFCP01042686.1.p1,A0A6B9KZ40
Ampulex_compressa_GFCP01.transdecoder.pep_id_GFCP01042683.1.p1,A0A6B9KZ40
Ampulex_compressa_GFCP01.transdecoder.pep_id_GFCP01042687.1.p1,A0A6B9KZ40
Ampulex_compressa_GFCP01.transdecoder.pep_id_GFCP01042685.1.p1,A0A6B9KZ40
KAH7936622.1,Q5BLY5
MCL6778855.1,U6BLN5
MCL6768238.1,U6BLN5
MCL6794447.1,U6BLN5
MCL6785513.1,U6BLN5
MCL6771116.1,U6BLN5
MCL6772855.1,U6BLN5
MCL6768345.1,U6BLN5
KAH6936707.1,Q18DC8
KAG0413747.1,J3SDX8
KAH8039201.1,J3SDX8
KAH7937479.1,J3SDX8
KAH8022499.1,J3SDX8
KAH7939653.1,J3SDX8
KAH9384965.1,J3SDX8
KAH6923424.1,J3SDX8
KAH6932403.1,A0A218QX58
Hadrurus_spadix_GFAH01_id_lcl|GFAH01000165.1_prot_JAV48224.1_1,A0A218QX58
KAH6932404.1,A0A218QX58
Phoneutria_nigriventer_GFUY01.transdecoder.pep_id_GFUY01028859.1.p1,Q8MQS8
KAH8022992.1,Q8MQS8
Phoneutria_nigriventer_GFUY01.transdecoder.pep_id_GFUY01029873.1.p1,Q1HLC0
Ampulex_compressa_GFCP01.transdecoder.pep_id_GFCP01043165.1.p1,Q1HLC0
Ampulex_compressa_GFCP01.transdecoder.pep_id_GFCP01033433.1.p1,Q1HLC0
Ampulex_compressa_GFCP01.transdecoder.pep_id_GFCP01033432.1.p1,Q1HLC0
Ampulex_compressa_GFCP01.transdecoder.pep_id_GFCP01033431.1.p1,Q1HLC0
Microplitis_demolitor_GANH01.transdecoder.pep_id_GANH01010674.1.p1,Q1HLC0
Microplitis_demolitor_GANH01.transdecoder.pep_id_GANH01010676.1.p1,Q1HLC0
Microplitis_demolitor_GANH01.transdecoder.pep_id_GANH01010663.1.p1,Q1HLC0
MBY08768.1,Q1HLC0
EEC12088.1,Q1HLC0
Ampulex_compressa_GFCP01.transdecoder.pep_id_GFCP01043157.1.p2,Q1HLC0
Ampulex_compressa_GFCP01.transdecoder.pep_id_GFCP01043148.1.p1,Q1HLC0
Ampulex_compressa_GFCP01.transdecoder.pep_id_GFCP01043147.1.p1,Q1HLC0
Ampulex_compressa_GFCP01.transdecoder.pep_id_GFCP01043150.1.p1,Q1HLC0
Mulenga_Aam-154154,Q1HLC0
MCL6788675.1,Q1HLC0
Trove_AA_111618,Q1HLC0
Trove_AA_189359,Q1HLC0
Trove_AA_189442,Q1HLC0
EEC19673.1,Q1HLC0
Trove_AA_88221,Q1HLC0
Trove_AA_84810,Q1HLC0
Trove_AA_98804,Q1HLC0
Ampulex_compressa_GFCP01.transdecoder.pep_id_GFCP01043160.1.p1,Q1HLC0
Phoneutria_nigriventer_GFUY01.transdecoder.pep_id_GFUY01030056.1.p1,Q1HLC0
Phoneutria_nigriventer_GFUY01.transdecoder.pep_id_GFUY01030055.1.p1,Q1HLC0
Phoneutria_nigriventer_GFUY01.transdecoder.pep_id_GFUY01021807.1.p1,Q1HLC0
MAA19490.1,Q1HLC0
JAP79826.1,Q1HLC0
JAP87639.1,Q1HLC0
JAP87640.1,Q1HLC0
JAP87638.1,Q1HLC0
KAG0426961.1,Q1HLC0
JAP79825.1,Q1HLC0
MBY04987.1,Q1HLC0
MAA19489.1,Q1HLC0
MAA19488.1,Q1HLC0
Trove_AA_75989,Q1HLC0
MCL6784654.1,Q1HLC0
MCL6769153.1,Q1HLC0
MCL6777676.1,Q1HLC0
MCL6786408.1,Q1HLC0
MCL6794604.1,Q1HLC0
KAH7975127.1,Q1HLC0
Ampulex_compressa_GFCP01.transdecoder.pep_id_GFCP01044544.1.p1,Q1HLC0
Ampulex_compressa_GFCP01.transdecoder.pep_id_GFCP01044542.1.p1,Q1HLC0
JAP67501.1,Q1HLC0
MCL6775460.1,Q1HLC0
EEC05628.1,Q1HLC0
MDC7207662.1,Q1HLC0
Ampulex_compressa_GFCP01.transdecoder.pep_id_GFCP01043157.1.p1,Q1HLC0
Ampulex_compressa_GFCP01.transdecoder.pep_id_GFCP01043146.1.p1,Q1HLC0
Trove_AA_28497,Q1HLC0
GBXQ01021522.1.p1,Q1HLC0
JAC35015.1,Q1HLC0
MBY04911.1,Q1HLC0
Mulenga_Aam-41563,Q1HLC0
Trove_AA_92455,Q1HLC0
Aam-41563,Q1HLC0
Phoneutria_nigriventer_GFUY01.transdecoder.pep_id_GFUY01026673.1.p1,Q1HLC0
Microplitis_demolitor_GANH01.transdecoder.pep_id_GANH01010679.1.p1,Q1HLC0
Microplitis_demolitor_GANH01.transdecoder.pep_id_GANH01010678.1.p1,Q1HLC0
Microplitis_demolitor_GANH01.transdecoder.pep_id_GANH01010677.1.p1,Q1HLC0
Phoneutria_nigriventer_GFUY01.transdecoder.pep_id_GFUY01026672.1.p1,Q1HLC0
KAH6944817.1,Q1HLC0
Latrodectus_tredecimguttatus_GANL01.transdecoder.pep_id_GANL01002382.1.p1,Q1HLC0
Trove_AA_88685,Q1HLC0
Trove_AA_188821,Q1HLC0
JAP80835.1,Q1HLC0
Trove_AA_100167,Q1HLC0
KAH9362858.1,Q1HLC0
KAH8018949.1,Q1HLC0
JAP82298.1,Q1HLC0
JAP87271.1,Q1HLC0
MOY42813.1,Q1HLC0
Phoneutria_nigriventer_GFUY01.transdecoder.pep_id_GFUY01030088.1.p1,Q1HLC0
Phoneutria_nigriventer_GFUY01.transdecoder.pep_id_GFUY01030087.1.p1,Q1HLC0
Phoneutria_nigriventer_GFUY01.transdecoder.pep_id_GFUY01028390.1.p1,Q1HLC0
MOY43043.1,Q1HLC0
MOY43041.1,Q1HLC0
Phoneutria_nigriventer_GFUY01.transdecoder.pep_id_GFUY01028392.1.p1,Q1HLC0
MCL6785167.1,Q1HLC0
Ampulex_compressa_GFCP01.transdecoder.pep_id_GFCP01044685.1.p1,Q1HLC0
Phoneutria_nigriventer_GFUY01.transdecoder.pep_id_GFUY01029441.1.p1,Q1HLC0
KAH7934920.1,Q1HLC0
GBXQ01003459.1.p1,Q1HLC0
GBXQ01003460.1.p1,Q1HLC0
MCL6784342.1,Q1HLC0
KAG0414812.1,Q1HLC0
MOY43037.1,Q1HLC0
Ampulex_compressa_GFCP01.transdecoder.pep_id_GFCP01043154.1.p2,Q1HLC0
Ampulex_compressa_GFCP01.transdecoder.pep_id_GFCP01043167.1.p2,Q1HLC0
Ampulex_compressa_GFCP01.transdecoder.pep_id_GFCP01043167.1.p1,Q1HLC0
Ampulex_compressa_GFCP01.transdecoder.pep_id_GFCP01043154.1.p1,Q1HLC0
KAH9363331.1,B5AJT2
Trove_AA_84031,P0C6E8
Trove_AA_85417,P0C6E8
KAH7961946.1,C9WMM5
KAH6930251.1,C9WMM5
KAH7974124.1,C9WMM5
KAH8029913.1,C9WMM5
KAH7954763.1,Q4QXT9
Trove_AA_40347,Q4QXT9
Trove_AA_86017,Q4QXT9
Trove_AA_23473,Q4QXT9
Trove_AA_39425,Q4QXT9
Trove_AA_175161,Q4QXT9
MDC7211272.1,Q4QXT9
JAR90441.1,Q4QXT9
KAG0418884.1,Q4QXT9
Mulenga_Aam-56629,Q4QXT9
Trove_AA_7508,Q4QXT9
Trove_AA_109231,Q4QXT9
Trove_AA_74774,Q4QXT9
Trove_AA_86077,Q4QXT9
Trove_AA_174546,Q4QXT9
EEC09733.1,Q4QXT9
MBY10156.1,Q4QXT9
KAG0427102.1,Q4QXT9
JAR91865.1,Q4QXT9
MCL6790903.1,Q4QXT9
Trove_AA_84516,Q4QXT9
MCL6782671.1,Q4QXT9
KAH7984133.1,Q4QXT9
KAH6946050.1,Q4QXT9
Trove_AA_85884,Q4QXT9
Ampulex_compressa_GFCP01.transdecoder.pep_id_GFCP01002951.1.p1,Q4QXT9
JAP78360.1,Q4QXT9
KAG0411645.1,Q4QXT9
JAR89287.1,Q4QXT9
KAG0415536.1,Q4QXT9
MOY42830.1,Q4QXT9
MDC7208610.1,Q4QXT9
Phoneutria_nigriventer_GFUY01.transdecoder.pep_id_GFUY01029084.1.p1,Q4QXT9
Phoneutria_nigriventer_GFUY01.transdecoder.pep_id_GFUY01029083.1.p1,Q4QXT9
KAH9377081.1,Q4QXT9
JAR88742.1,Q4QXT9
MOY36855.1,Q4QXT9
MOY36485.1,Q4QXT9
GBXQ01004460.1.p1,Q4QXT9
Trove_AA_19879,Q4QXT9
Trove_AA_15010,Q4QXT9
JAR88277.1,Q4QXT9
Trove_AA_34467,Q4QXT9
JAR88192.1,Q4QXT9
Trove_AA_88738,Q4QXT9
KAG0415739.1,Q4QXT9
Phoneutria_nigriventer_GFUY01.transdecoder.pep_id_GFUY01030090.1.p1,Q4QXT9
KAH7970312.1,Q4QXT9
KAH6946963.1,Q4QXT9
Trove_AA_36292,Q4QXT9
KAH6941724.1,Q4QXT9
MCL6793848.1,Q4QXT9
JAP86863.1,Q4QXT9
KAG0411055.1,Q4QXT9
MAA11936.1,Q4QXT9
MAA11935.1,Q4QXT9
JAR93131.1,Q4QXT9
MDC7208006.1,Q4QXT9
MXV01157.1,Q4QXT9
Mulenga_Aam-606895,Q4QXT9
Trove_AA_84088,Q4QXT9
KAH7934927.1,Q4QXT9
Trove_AA_9161,Q4QXT9
Trove_AA_89506,Q4QXT9
KAH7974891.1,Q4QXT9
Trove_AA_170657,Q4QXT9
MOY42342.1,P18619
KAH7971428.1,P18619
MAA16126.1,P18619
KAH7934937.1,P18619
JAP78351.1,P18619
Microplitis_demolitor_GANH01.transdecoder.pep_id_GANH01005723.1.p1,P18619
MOY44760.1,P18619
KAH7936574.1,P18619
Trove_AA_17564,P18619
Trove_AA_17252,P0DI84
MCL6777336.1,P0DI84
Trove_AA_84525,P0DI84
Trove_AA_50309,P0DI84
MAA23155.1,P0DI84
Mulenga_Aam-181157,P0DI84
Trove_AA_14393,P0DI84
JAP66300.1,P0DI84
JAP76438.1,P0DI84
JAP79172.1,P0DI84
Trove_AA_109499,P0DI84
Trove_AA_167979,P0DI84
Trove_AA_167384,P0DI84
MAA23156.1,P0DI84
KAH8018782.1,P0DI84
KAH6945807.1,P0DI84
JAR92739.1,P0DI84
MOY36410.1,P0DI84
Microplitis_demolitor_GANH01.transdecoder.pep_id_GANH01008653.1.p1,J3RZ81
Pteromalus_puparum_GECT01.transdecoder.pep_id_GECT01003715.1.p1,J3RZ81
MCL6782695.1,J3RZ81
KAG0421830.1,J3RZ81
MCL6786436.1,J3RZ81
MCL6775282.1,J3RZ81
MCL6784139.1,J3RZ81
KAH8035284.1,J3RZ81
KAH8035285.1,J3RZ81
KAG0412557.1,J3RZ81
KAH6940004.1,J3RZ81
KAH8040742.1,J3RZ81
KAH7941684.1,J3RZ81
Trove_AA_53760,F8S0Z7
KAH6938954.1,F8S0Z7
KAH6929833.1,Q92035
KAH7939381.1,Q92035
KAH7939380.1,Q92035
KAH8022699.1,Q92035
KAH8023457.1,Q92035
KAH7946342.1,Q92035
KAH7945836.1,Q92035
KAG0426269.1,Q92035
KAH7945308.1,Q92035
KAH6929831.1,Q92035
KAH8023459.1,Q92035
KAH7952433.1,Q92035
KAH7936071.1,Q92035
KAH6940527.1,Q92035
KAG0417949.1,Q92035
KAH7961180.1,Q92035
KAH7936073.1,Q92035
KAH7956817.1,Q92035
Trove_AA_33092,Q98UF9
Trove_AA_23821,Q98UF9
Trove_AA_9299,Q98UF9
Trove_AA_37261,Q98UF9
MAA16014.1,Q98UF9
Trove_AA_34755,Q98UF9
Phoneutria_nigriventer_GFUY01.transdecoder.pep_id_GFUY01021906.1.p1,Q98UF9
KAH9368727.1,W4VS99
KAH8024134.1,W4VS99
KAH9368935.1,W4VS99
KAH7945617.1,W4VS99
KAH6931453.1,W4VS99
KAH7934179.1,W4VS99
JAP83011.1,W4VS99
KAH6944226.1,W4VS99
KAH7979042.1,W4VS99
Trove_AA_89869,W4VS99
KAH6941392.1,W4VS99
Trove_AA_64828,W4VS99
Trove_AA_173988,W4VS99
KAG0423593.1,W4VS99
KAH6946781.1,W4VS99
KAH6944996.1,W4VS99
KAG0421709.1,W4VS99
KAH8035264.1,W4VS99
KAH6920149.1,W4VS99
KAH9383693.1,W4VS99
JAP80958.1,W4VS99
KAH7981047.1,W4VS99
KAG0426209.1,W4VS99
KAH6922594.1,W4VS99
KAG0417437.1,W4VS99
KAH8018401.1,W4VS99
JAP84997.1,W4VS99
KAH8018790.1,W4VS99
KAH7955163.1,W4VS99
KAH6938530.1,W4VS99
KAH6941694.1,W4VS99
KAH7937283.1,W4VS99
KAH9373688.1,W4VS99
Trove_AA_93880,W4VS99
KAH7976992.1,W4VS99
KAH9373380.1,W4VS99
KAH6937003.1,W4VS99
KAH8041542.1,W4VS99
Mulenga_Aam-360152,W4VS99
KAH7968548.1,W4VS99
KAH9370869.1,W4VS99
KAH6943259.1,W4VS99
KAH7935371.1,W4VS99
KAH7967801.1,W4VS99
KAH7966320.1,W4VS99
KAH8034842.1,W4VS99
KAH8024924.1,W4VS99
KAH7939810.1,W4VS99
KAH7937173.1,W4VS99
KAH7938578.1,W4VS99
KAH6937324.1,W4VS99
KAH9367244.1,W4VS99
KAH7935933.1,W4VS99
KAH9375337.1,W4VS99
KAH9370867.1,W4VS99
KAH6940034.1,W4VS99
KAH7954076.1,W4VS99
KAH8021890.1,W4VS99
KAH6926611.1,W4VS99
KAH9384862.1,W4VS99
KAH9366401.1,W4VS99
KAH9370675.1,W4VS99
JAP87556.1,W4VS99
JAP83714.1,W4VS99
KAH7971484.1,W4VS99
KAH8040405.1,W4VS99
KAH7984441.1,W4VS99
KAH7942145.1,W4VS99
KAG0419161.1,W4VS99
KAH7940619.1,W4VS99
KAH6939449.1,W4VS99
KAH9370418.1,W4VS99
KAH6927883.1,W4VS99
KAH6926791.1,W4VS99
KAH9372594.1,W4VS99
KAH7965596.1,W4VS99
KAH9366373.1,W4VS99
KAH6941567.1,W4VS99
KAH9382588.1,W4VS99
KAH9370290.1,W4VS99
KAH9371786.1,W4VS99
KAH7970240.1,W4VS99
KAH7939945.1,W4VS99
KAH6940706.1,W4VS99
KAH7949918.1,W4VS99
KAH8033653.1,W4VS99
KAH9369870.1,W4VS99
KAH6943241.1,W4VS99
KAH7950270.1,W4VS99
KAH9370292.1,W4VS99
KAH8008799.1,W4VS99
KAH7967046.1,W4VS99
KAH9376042.1,W4VS99
KAH9376036.1,W4VS99
KAH7967476.1,W4VS99
KAH9377548.1,W4VS99
KAH7971533.1,W4VS99
KAH8034796.1,W4VS99
KAH8042370.1,W4VS99
Psyttalia_concolor_GCDX01.transdecoder.pep_id_GCDX01002033.1.p1,B2DCR8
MOY41585.1,B2DCR8
GBXQ01008468.1.p1,B2DCR8
JAR91997.1,A0A1U9VX91
Trove_AA_187773,A0A1U9VX91
MCL6792248.1,A0A1U9VX91
Trove_AA_189207,A0A1U9VX91
Trove_AA_89425,A0A1U9VX91
Trove_AA_84420,A0A1U9VX91
Trove_AA_190071,A0A1U9VX91
JAP82409.1,A0A1U9VX91
MAA21333.1,A0A1U9VX91
GBXQ01004688.1.p1,A0A1U9VX91
GBXQ01004689.1.p1,A0A1U9VX91
MOY41623.1,A0A1U9VX91
MDC7208614.1,A0A1U9VX91
KAG0433549.1,A0A1U9VX91
MBY09979.1,A0A1U9VX91
Ampulex_compressa_GFCP01.transdecoder.pep_id_GFCP01045436.1.p1,A0A1U9VX91
KAH9377082.1,A0A1U9VX91
MCL6788878.1,A0A1U9VX91
MCL6794171.1,A0A1U9VX91
MBY09540.1,A0A1U9VX91
Trove_AA_84320,A0A1U9VX91
Trove_AA_189317,A0A1U9VX91
Trove_AA_53847,A0A1U9VX91
Mulenga_Aam-459886,A0A1U9VX91
Trove_AA_188880,A0A1U9VX91
Phoneutria_nigriventer_GFUY01.transdecoder.pep_id_GFUY01028416.1.p1,Q25338
Phoneutria_nigriventer_GFUY01.transdecoder.pep_id_GFUY01028410.1.p1,Q25338
Phoneutria_nigriventer_GFUY01.transdecoder.pep_id_GFUY01028411.1.p1,Q25338
Phoneutria_nigriventer_GFUY01.transdecoder.pep_id_GFUY01028415.1.p1,Q25338
Ampulex_compressa_GFCP01.transdecoder.pep_id_GFCP01044061.1.p1,Q25338
Phoneutria_nigriventer_GFUY01.transdecoder.pep_id_GFUY01025499.1.p1,Q25338
Phoneutria_nigriventer_GFUY01.transdecoder.pep_id_GFUY01025498.1.p1,Q25338
MAA17150.1,Q25338
Trove_AA_176731,Q25338
MAA17148.1,Q25338
Trove_AA_109618,Q25338
Trove_AA_109203,Q25338
Trove_AA_106242,Q25338
Trove_AA_111588,Q25338
MOY38015.1,Q25338
MOY38462.1,Q25338
MOY38013.1,Q25338
MOY39102.1,Q25338
Pteromalus_puparum_GECT01.transdecoder.pep_id_GECT01035508.1.p1,Q25338
Crotalus_horridus_GBKC01_id_lcl|GBKC01000226.1_prot_JAG45844.1_1,Q25338
MOY41063.1,Q25338
MBY07755.1,Q25338
Trove_AA_106150,Q25338
Trove_AA_110326,Q25338
Trove_AA_101488,Q25338
Trove_AA_103796,Q25338
Trove_AA_189540,Q25338
Trove_AA_189605,Q25338
Trove_AA_97431,Q25338
Trove_AA_106255,Q25338
Trove_AA_96711,Q25338
Trove_AA_97051,Q25338
Trove_AA_92719,Q25338
Trove_AA_98871,Q25338
Trove_AA_99824,Q25338
Trove_AA_104034,Q25338
Trove_AA_98922,Q25338
Trove_AA_96558,Q25338
Trove_AA_95409,Q25338
Trove_AA_101454,Q25338
Trove_AA_96372,Q25338
Trove_AA_94147,Q25338
Trove_AA_89882,Q25338
Trove_AA_95377,Q25338
Trove_AA_91172,Q25338
Trove_AA_183506,Q25338
Trove_AA_97245,Q25338
Trove_AA_91958,Q25338
Trove_AA_10271,Q25338
Trove_AA_189774,Q25338
JAP64641.1,Q25338
MCL6792888.1,Q25338
MCL6790273.1,Q25338
MCL6784621.1,Q25338
MCL6794481.1,Q25338
Trove_AA_190590,Q25338
Trove_AA_7235,Q25338
Trove_AA_190168,Q25338
Trove_AA_14047,Q25338
KAH9361082.1,Q25338
JAP82915.1,Q25338
MAA21808.1,Q25338
MAA21809.1,Q25338
Trove_AA_14097,Q25338
Trove_AA_108973,Q25338
MCL6785792.1,Q25338
KAG0424159.1,Q25338
JAR92144.1,Q25338
MOY42211.1,Q25338
EEC17964.1,Q25338
MCL6786069.1,Q58L90
EEC02351.1,Q58L90
Hadrurus_spadix_GFAH01_id_lcl|GFAH01000283.1_prot_JAV48106.1_1,Q58L90
MOY41135.1,Q58L90
MBY09192.1,Q58L90
Trove_AA_175005,Q58L90
Trove_AA_6930,Q58L90
KAH9361829.1,Q58L90